{"cameraMode":{"drawMode":0,"name":"Shaded","section":"Shading Mode"},"sceneLighting":true,"audioPlay":false,"sceneViewState":{"showFog":true,"showMaterialUpdate":false,"showSkybox":true,"showFlares":true,"showImageEffects":true,"showParticleSystems":true},"in2DMode":false,"pivot":{"x":-0.41901540756225588,"y":-1.811720371246338,"z":-2.8130435943603517},"rotation":{"x":0.3714473247528076,"y":-0.27978062629699709,"z":0.11845406889915467,"w":0.8773341774940491},"size":6.31039571762085,"orthographic":false}